<?xml version="1.0" encoding="UTF-8"?>
<project-private xmlns="http://www.netbeans.org/ns/project-private/1">
    <editor-bookmarks xmlns="http://www.netbeans.org/ns/editor-bookmarks/2" lastBookmarkId="0"/>
    <open-files xmlns="http://www.netbeans.org/ns/projectui-open-files/2">
        <group>
            <file>file:/C:/Users/amand/Documents/Faculdade/POO2/Controle%20Remoto/src/controle/remoto/ArCondicionado.java</file>
            <file>file:/C:/Users/amand/Documents/Faculdade/POO2/Controle%20Remoto/src/controle/remoto/AparelhoSom.java</file>
            <file>file:/C:/Users/amand/Documents/Faculdade/POO2/Controle%20Remoto/src/controle/remoto/PanelaEletrica.java</file>
            <file>file:/C:/Users/amand/Documents/Faculdade/POO2/Controle%20Remoto/src/controle/remoto/Forno.java</file>
            <file>file:/C:/Users/amand/Documents/Faculdade/POO2/Controle%20Remoto/src/controle/remoto/ControleRemoto.java</file>
            <file>file:/C:/Users/amand/Documents/Faculdade/POO2/Controle%20Remoto/src/controle/remoto/Macro.java</file>
            <file>file:/C:/Users/amand/Documents/Faculdade/POO2/Controle%20Remoto/src/controle/remoto/ComandoArCondicionado.java</file>
            <file>file:/C:/Users/amand/Documents/Faculdade/POO2/Controle%20Remoto/src/controle/remoto/ComandoAparelhoSom.java</file>
        </group>
    </open-files>
</project-private>
